{"cameraMode":{"drawMode":0,"name":"Shaded","section":"Shading Mode"},"sceneLighting":true,"audioPlay":false,"sceneViewState":{"m_AlwaysRefresh":false,"showFog":true,"showSkybox":true,"showFlares":true,"showImageEffects":true,"showParticleSystems":true,"showVisualEffectGraphs":true,"m_FxEnabled":true},"in2DMode":false,"pivot":{"x":501.6360778808594,"y":5.320501327514648,"z":26.089218139648439},"rotation":{"x":0.11861713230609894,"y":0.11983097344636917,"z":-0.014084447175264359,"w":0.9858270287513733},"size":12.124356269836426,"orthographic":false}